{"E": -3.14e+100, "NONE": -21.47277610332507, "B": -6.0531450449130535, "M": -3.14e+100, "S": -6.797149799389674}