{"S": -2.046145974637704, "E": -3.14e+100, "B": -1.822178226623626, "M": -3.14e+100}