{"E": {"B": -0.7838046261158353, "S": -0.7588989102254724}, "B": {"M": -1.7750851292227932, "E": -0.4922147413609849}, "M": {"M": -2.2199201082475635, "E": -1.7750851292227932}, "S": {"B": -0.7589074754313597, "S": -0.9013475824991263}}