{"E": {"S": -2.521007611057399, "B": -2.603742608396878}, "S": {"S": -2.994211857562652, "B": -2.5210360640554748}, "B": {"E": -1.6351019780447724, "M": -5.896705161581961}, "M": {"E": -5.896705161581961, "M": -7.374414975992975}}