{"E": {"E": -3.14e+100, "B": -2.603742608396878, "M": -3.14e+100, "S": -2.521007611057399}, "B": {"E": -1.6351019780447724, "B": -3.14e+100, "M": -5.896705161581961, "S": -3.14e+100}, "M": {"E": -5.896705161581961, "B": -3.14e+100, "M": -7.374414975992975, "S": -3.14e+100}, "S": {"E": -3.14e+100, "B": -2.5210360640554748, "M": -3.14e+100, "S": -2.994211857562652}}