{"B": {"B": -3.14e+100, "E": -1.6351019780447724, "M": -5.896705161581961, "S": -3.14e+100}, "E": {"B": -2.603742608396878, "M": -3.14e+100, "E": -3.14e+100, "S": -2.521007611057399}, "M": {"B": -3.14e+100, "E": -5.896705161581961, "M": -7.374414975992975, "S": -3.14e+100}, "S": {"B": -2.5210360640554748, "M": -3.14e+100, "E": -3.14e+100, "S": -2.994211857562652}}