{"M": {"B": -3.14e+100, "S": -3.14e+100, "M": -2.2199201082475635, "E": -1.7750851292227932}, "S": {"S": -0.9013475824991263, "E": -3.14e+100, "B": -0.7589074754313597, "M": -3.14e+100}, "B": {"B": -3.14e+100, "S": -3.14e+100, "M": -1.7750851292227932, "E": -0.4922147413609849}, "E": {"S": -0.7588989102254724, "E": -3.14e+100, "B": -0.7838046261158353, "M": -3.14e+100}}