{"B": {"E": {"B": -2.6563986452756447, "S": -2.614115118602294}, "M": {"E": -6.332665303489068, "M": -7.835698446181408}}, "E": {"B": {"E": -2.663981569641811, "M": -7.215682958834013}, "S": {"B": -3.1898505837196605, "S": -3.951635780027151}}, "M": {"E": {"B": -7.406014170938163, "S": -6.521036064055474}, "M": {"E": -7.835698446181408, "M": -9.24395741282919}}, "S": {"B": {"E": -2.606819361552862, "M": -6.635640978028958}, "S": {"B": -3.951635780027151, "S": -4.038082726552392}}}