{"B": {"M": {"M": -7.835698446181408, "E": -6.332665303489068}, "E": {"B": -2.6563986452756447, "S": -2.614115118602294}}, "M": {"M": {"M": -9.24395741282919, "E": -7.835698446181408}, "E": {"B": -7.406014170938163, "S": -6.521036064055474}}, "S": {"B": {"M": -6.635640978028958, "E": -2.606819361552862}, "S": {"B": -3.951635780027151, "S": -4.038082726552392}}, "E": {"B": {"M": -7.215682958834013, "E": -2.663981569641811}, "S": {"B": -3.1898505837196605, "S": -3.951635780027151}}}