{"M": {"M": -7.374414975992975, "E": -5.896705161581961}, "E": {"S": -2.521007611057399, "B": -2.603742608396878}, "B": {"M": -5.896705161581961, "E": -1.6351019780447724}, "S": {"S": -2.994211857562652, "B": -2.5210360640554748}}