{"M": -3.14e+100, "E": -3.14e+100, "B": -6.0531450449130535, "S": -6.797149799389674}